/***********************************************************
*
* MPD Designer 3.1.4150.32424
*
* Code for PostgreSQL 7.4
* Generated on 03/01/2020 13:32:04
*
* Louis SAUNDERS
* http://louis.saunders.free.fr/
*
************************************************************/

/***********************************************************
* configuration
************************************************************/

INSERT INTO configuration (name, value) VALUES ('1', 'PUXOOEMFEREOWGNZHYZOVJOEaVVNTLPZETBNSNQEIaXNQFHYBXDMOHIDEUZMXKJXIRVMVMKCBZBLUELHFWXLSGMCITDLRINHBaZKPLOBFXUKNNPGJUBUWFQaCSWUUHRFFZDUTJH JWYTRMIFCTUTQDJZGBaTOGKEJYWSXILYCVCSVKMDGSYSUNNYKZURSEODDWaRQHPXGTWRPJQCKRCQXLRHDYYQWOHBHVEQUFIGKS PTIJBD VPRKKGHXCPPML');
INSERT INTO configuration (name, value) VALUES ('2', 'aaUXOOEMFEREOWGNZHYZOVJOEaVVNTLPZETBNSNQEIaXNQFHYBXDMOHIDEUZMXKJXIRVMVMKCBZBLUELHFWXLSGMCITDLRINHBaZKPLOBFXUKNNPGJUBUWFQaCSWUUHRFFZDUTJH JWYTRMIFCTUTQDJZGBaTOGKEJYWSXILYCVCSVKMDGSYSUNNYKZURSEODDWaRQHPXGTWRPJQCKRCQXLRHDYYQWOHBHVEQUFIGKS PTIJBD VPRKKGHXCPPM');
INSERT INTO configuration (name, value) VALUES ('3', 'LaaUXOOEMFEREOWGNZHYZOVJOEaVVNTLPZETBNSNQEIaXNQFHYBXDMOHIDEUZMXKJXIRVMVMKCBZBLUELHFWXLSGMCITDLRINHBaZKPLOBFXUKNNPGJUBUWFQaCSWUUHRFFZDUTJH JWYTRMIFCTUTQDJZGBaTOGKEJYWSXILYCVCSVKMDGSYSUNNYKZURSEODDWaRQHPXGTWRPJQCKRCQXLRHDYYQWOHBHVEQUFIGKS PTIJBD VPRKKGHXCPP');
INSERT INTO configuration (name, value) VALUES ('4', 'MLaaUXOOEMFEREOWGNZHYZOVJOEaVVNTLPZETBNSNQEIaXNQFHYBXDMOHIDEUZMXKJXIRVMVMKCBZBLUELHFWXLSGMCITDLRINHBaZKPLOBFXUKNNPGJUBUWFQaCSWUUHRFFZDUTJH JWYTRMIFCTUTQDJZGBaTOGKEJYWSXILYCVCSVKMDGSYSUNNYKZURSEODDWaRQHPXGTWRPJQCKRCQXLRHDYYQWOHBHVEQUFIGKS PTIJBD VPRKKGHXCP');
INSERT INTO configuration (name, value) VALUES ('5', 'PMLaaUXOOEMFEREOWGNZHYZOVJOEaVVNTLPZETBNSNQEIaXNQFHYBXDMOHIDEUZMXKJXIRVMVMKCBZBLUELHFWXLSGMCITDLRINHBaZKPLOBFXUKNNPGJUBUWFQaCSWUUHRFFZDUTJH JWYTRMIFCTUTQDJZGBaTOGKEJYWSXILYCVCSVKMDGSYSUNNYKZURSEODDWaRQHPXGTWRPJQCKRCQXLRHDYYQWOHBHVEQUFIGKS PTIJBD VPRKKGHXC');
INSERT INTO configuration (name, value) VALUES ('6', 'PPMLaaUXOOEMFEREOWGNZHYZOVJOEaVVNTLPZETBNSNQEIaXNQFHYBXDMOHIDEUZMXKJXIRVMVMKCBZBLUELHFWXLSGMCITDLRINHBaZKPLOBFXUKNNPGJUBUWFQaCMROPBL  TXONEBUDQTNLGCZWNONKYDT VVNI EYESQMRCFTXPXMPFGYaMSMOHHSEUOMMZIXXRULLBJRBOQLJDKWELWLSGLBXSSKQICWBPYKO DBFMUKNCEVYUQJLEF BR');
INSERT INTO configuration (name, value) VALUES ('7', 'WJKHGUUOSJIYHZYLYIRBIUCTUIPDJZVQPINFKTYNWHMILYCURHKZBSVRYHJCCXZOTGREDSCLPGQGEXVTVGOYFCZQRFMaGWDNXFLDHBWVTFJFIVZSPEIHJaDPVOQZKVWMROPBL  TXONEBUDQTNLGCZWNONKYDT VVNI EYESQMRCFTXPXMPFGYaMSMOHHSEUOMMZIXXRULLBJRBOQLJDKWELWLSGLBXSSKQICWBPYKO DBFMUKNCEVYUQJLEF B');
INSERT INTO configuration (name, value) VALUES ('8', 'RWJKHGUUOSJIYHZYLYIRBIUCTUIPDJZVQPINFKTYNWHMILYCURHKZBSVRYHJCCXZOTGREDSCLPGQGEXVTVGOYFCZQRFMaGWDNXFLDHBWVTFJFIVZSPEIHJaDPVOQZKVWMROPBL  TXONEBUDQTNLGCZWNONKYDT VVNI EYESQMRCFTXPXMPFGYaMSMOHHSEUOMMZIXXRULLBJRBOQLJDKWELWLSGLBXSSKQICWBPYKO DBFMUKNCEVYUQJLEF ');
INSERT INTO configuration (name, value) VALUES ('9', 'BRWJKHGUUOSJIYHZYLYIRBIUCTUIPDJZVQPINFKTYNWHMILYNFCRVKMDGCIRTMNIJZERCONCNW QaROHGEGQZJPMKBCQXLQHNYIPVNRMGFEPUPSGKCZPSSTLOZGZBKUFHWBZZMVKKEIYYOMFOBDYWQNKHYZYUIOELGFXTLPJODBXCNQDH HXaPRILXDWYRSDPEZWXJTIIBFWVMUCLYBVTOVHPVHVCQWMIDDVBSMGMaJUZKNLPXFUXNOGIFaUWPP');
INSERT INTO configuration (name, value) VALUES ('10', 'LMCHTURQFFZCTSJRKJWJTBLSEMDES OTJFaaSYQUEJXGSWSVJNFCRVKMDGCIRTMNIJZERCONCNW QaROHGEGQZJPMKBCQXLQHNYIPVNRMGFEPUPSGKCZPSSTLOZGZBKUFHWBZZMVKKEIYYOMFOBDYWQNKHYZYUIOELGFXTLPJODBXCNQDH HXaPRILXDWYRSDPEZWXJTIIBFWVMUCLYBVTOVHPVHVCQWMIDDVBSMGMaJUZKNLPXFUXNOGIFaUWP');
INSERT INTO configuration (name, value) VALUES ('11', 'PLMCHTURQFFZCTSJRKJWJTBLSEMDES OTJFaaSYQUEJXGSWSVJNFCRVKMDGCIRTMNIJZERCONCNW QaROHGEGQZJPMKBCQXLQHNYIPVNRMGFEPUPSGKCZPSSTLOZGZBKUFHWBZZMVKKEIYYOMFOBDYWQNKHYZYUIOELGFXTLPJODBXCNQDH HXaPRILXDWYRSDPEZWXJTIIBFWVMUCLYBVTOVHPVHVCQWMIDDVBSMGMaJUZKNLPXFUXNOGIFaUW');
INSERT INTO configuration (name, value) VALUES ('12', 'PPLMCHTURQFFZCTSJRKJWJTBLSEMDES OTJFaaSYQUEJXGSWSVJNFCRVKMDGCIRTMNIJZERCONCNW QaROHGEGQZJPMKBCQXLQHNYIPVNRMGFEPUPSGKCZPSSTLOZGZBKUFHWBZZMVKKEIYYOMFOBDYWQNKHYZYUIOELGFXTLPJODBXCNQDH HXaPRILXDWYRSDPEZWXJTIIBFWVMUCLYBVTOVHPVHVCQWMIDDVBSMGMaJUZKNLPXFUXNOGIFaU');
INSERT INTO configuration (name, value) VALUES ('13', 'WPPLMCHTURQFFZCTSJRKJWJTBLSEMDES OTJFaaSYQUEJXGSWSVJNFCRVKMDGCIRTMNIJZERCONCNW QaROHGEGQZJPMKBCQXLQHNYIPVNRMGFEPUPSGKCZPSSTLOZGZBKUFHWBZZMVKKEIYYOMFOBDYWQNKHYZYUIOELGFXTLPJODVRWHKYCUCRUJLDFRXRTMMXJZTQRENCCWZQPGOWGTVQOIPBJQBPXKQGCXXPVNGBGUDPTFHGJRZOSHI DZV');
INSERT INTO configuration (name, value) VALUES ('14', 'OQJJFGWBOOLKZZTXNNDLEDQDNWFMZGYZNUINE VUMSKOYDSBMRMPDHZWMPEGX WDLNGHCETYLWJIXHQULVLJCaYaKTDKHEVWKRFLBHSCKQHMGB YJOKNaEXUJMMOFIU TVEP BRWTUGQFFYCTSIGZIVYSQLHEBSTSPDIYF  SNFJDIXVRWHKYCUCRUJLDFRXRTMMXJZTQRENCCWZQPGOWGTVQOIPBJQBPXKQGCXXPVNGBGUDPTFHGJRZOSHI DZ');
INSERT INTO configuration (name, value) VALUES ('15', 'VOQJJFGWBOOLKZZTXNNDLEDQDNWFMZGYZNUINE VUMSKOYDSBMRMPDHZWMPEGX WDLNGHCETYLWJIXHQULVLJCaYaKTDKHEVWKRFLBHSCKQHMGB YJOKNaEXUJMMOFIU TVEP BRWTUGQFFYCTSIGZIVYSQLHEBSTSPDIYF  SNFJDIXVRWHKYCUCRUJLDFRXRTMMXJZTQRENCCWZQPGOWGTVQOIPBJQBPXKQGCXXPVNGBGUDPTFHGJRZOSHI D');
INSERT INTO configuration (name, value) VALUES ('16', 'ZVOQJJFGWBOOLKZZTXNNDLEDQDNWFMZGYZNUINE VUMSKOYDSBMRMPDHZWMPEGX WDLNGHCETYLWJIXHQULVLJCaYaKTDKHEVWKRFLBHSCKQHMGB YJOKNaEXUJMMOFIU TVEP BRWTUGQFFYCTSIGZIVYSQLHEBSTSPDIYF  SNFJDIXVRWHKYCUCRUJLDFRXRTMMXJZTQRENCCWZQPGOWGTVQOIPBJQBPXKQGCXXPVNGBGUDPTFHGJRZOSHI ');
INSERT INTO configuration (name, value) VALUES ('17', 'DZVOQJJFGWBOOLKZZTXNNDLEDQDNWFMZGYZNUINE VUMSKOYDSBMRMPDHZWMPEGX WDLNGHCETYLWJIXHQULVLJCaYaKTDKHEVWKRFLBHSCKQHMGB YJOKNaEXUJMMOFIU TVEP BRWTUGQFFYCTSIGZIVYSQLHEBSTSPDIYF  SNFJDIXVRWHKYCUCRUJLDFRXRTMMXJZTQRENCCWZQPGOWGTVQOIPBJQBPXKQGCXXPVNGBGUDPTFHGJRZOSHI');
INSERT INTO configuration (name, value) VALUES ('18', ' DZVOQJJFGWBOOLKZZTXNNDLEDQDNWFMZGYZNUINE VUMSKOYDSBMRMPDHZWMPEGX WDLNGHCETYLWJIXHQULVLJCaYaKTDKHEVWKRFLBHSCKQHMGB YJOKNaEXUJMMOFIU TVEP BRWTUGQFFYCTSIGZIGIDBVSOMDEDZNTJPKKCYPUOTIGCHSVIMFMCFUWNQCIBDWXHTJEBCOYMMGKB QZHQDGaYT MUaM HVBRNII GXRLQFOZEPSQUCJZCR');
INSERT INTO configuration (name, value) VALUES ('19', 'TKNKFZBUUPRHLYZWVKKEHYXOWPNBNYGQXJRIJXFSYOKFFXDVZIOCLXBX NRKHW PQIKHNWYRRNOEJWHTSHSBFVFWTMLJLVENUROGHVCQVLSDNUaSWQLKJUZUXLPHEUXXYQSEKEGOZKLBGEERaPPJMDDTRJTGIDBVSOMDEDZNTJPKKCYPUOTIGCHSVIMFMCFUWNQCIBDWXHTJEBCOYMMGKB QZHQDGaYT MUaM HVBRNII GXRLQFOZEPSQUCJZC');
INSERT INTO configuration (name, value) VALUES ('20', 'RTKNKFZBUUPRHLYZWVKKEHYXOWPNBNYGQXJRIJXFSYOKFFXDVZIOCLXBX NRKHW PQIKHNWYRRNOEJWHTSHSBFVFWTMLJLVENUROGHVCQVLSDNUaSWQLKJUZUXLPHEUXXYQSEKEGOZKLBGEERaPPJMDDTRJTGIDBVSOMDEDZNTJPKKCYPUOTIGCHSVIMFMCFUWNQCIBDWXHTJEBCOYMMGKB QZHQDGaYT MUaM HVBRNII GXRLQFOZEPSQUCJZ');

/***********************************************************
* users
************************************************************/

INSERT INTO users (id, email, firstname) VALUES (1, 'CRTKNKFZBUUPRHLYZWVKKEHYXOWPNBNYGQXJRIJXFSYOKFFXDVZIOCLXBX NRKHW PQIKHNWYRRNOEJWHTSHSBFVFWTMLJLVENUROGHVCQVLSDNUaSWQLKJUZUXLPHEUXXYQSEKEGOZKLBGEERaPPJMDDTRJTGIDBVSOMDEDZNTJPKKCYPUOTIGCHSVIMFMCFUWNQCIBDWXHTJEBCOYMMGKB QZHQDGaYT MUaM HVBRNII GXRLQFOZEPSQUCJ', 'ZCRTKNKFZBUUPRHLYZWVKKEHYXOWPNBNYGQXJRIJXFSYOKFFXDVZIOCLXBX NRKHW PQIKHNWYRRNOEJWHTSHSBFVFWTMLJLVENUROGHVCQVLSDNUaSWQLKJUZUXLPHEUXXYQSEKEGOZKLBGEERaPPJMDDTRJTGIDBVSOMDEDZNTJPKKCYPUOTIGCHSVIMFMCFUWNQCIBDWXHTJEBCOYMMGKB QZHQDGaYT MUaM HVBRNII GXRLQFOZEPSQUC');
INSERT INTO users (id, email, firstname) VALUES (2, 'JZCRTKNKFZBUUPRHLYZWVKKEHYXOWPNBNYGQXJRIJXFSYOKFFXDVZIOCLXBX NRKHW PQIKHNWYRRNOEJWHTSHSBFVFWTMLJLVENUROGHVCQVLMXHPVMRLFEDOTPSFJBZORRTKNZFYaJUEGWaYZLVJJDHYXNLENaCXVQMJGXYXUHNDKFEXSKOINCaWBMPCGZGWZOQHKWCWYRRCODYVWISHHBEVULTBKY VTNUGOVGUCPVLHCCU SLFLZIUYJMKO', 'WETXMNFHE TVOOKLBGTTQPEEYBSSIQJIVISBKRDLCDSZNSIE ZRXPTDIXFRWRUIMEBRUJLCFBHQSLMHIYDQBONBMVZQ QOGFDFPYIPLJ BPWKQGMXHPVMRLFEDOTPSFJBZORRTKNZFYaJUEGWaYZLVJJDHYXNLENaCXVQMJGXYXUHNDKFEXSKOINCaWBMPCGZGWZOQHKWCWYRRCODYVWISHHBEVULTBKY VTNUGOVGUCPVLHCCU SLFLZIUYJMK');
INSERT INTO users (id, email, firstname) VALUES (3, 'OWETXMNFHE TVOOKLBGTTQPEEYBSSIQJIVISBKRDLCDSZNSIE ZRXPTDIXFRWRUIMEBRUJLCFBHQSLMHIYDQBONBMVZQ QOGFDFPYIPLJ BPWKQGMXHPVMRLFEDOTPSFJBZORRTKNZFYaJUEGWaYZLVJJDHYXNLENaCXVQMJGXYXUHNDKFEXSKOINCaWBMPCGZGWZOQHKWCWYRRCODYVWISHHBEVULTBKY VTNUGOVGUCPVLHCCU SLFLZIUYJM', 'KOWETXMNFHE TVOOKLBGTTQPEEYBSSIQJIVISBKRDLCDSZNSIE ZRXPTDIXFRWRUIMEBRUJLCFBHQSLMHIYDQBONBMVZQ QOGFDFPYIPLJ BPWKQGMXHPVMRLFEDOTPSFJBZORRTKNZFYaJUEGWaYZLVJJDHYXNLENaCXVQMJGXYXUHNDKFEXSKOINCaWBMPCGZGWZOQHKWCWYRRCODYVWISHHBEVULTBKY VTNUGOVGUCPVLHCCU SLFLZIUYJ');
INSERT INTO users (id, email, firstname) VALUES (4, 'MKOWETXMNFHE TVOOKLBGTTQPEEYBSSIQJIVISBKRDLCDSZNSIE ZRXPTDIXFRWRUIMEBRUJLCFBHQSLMHIYDQBONBMVZQ QOGFDFPYIPLJ BPWKQGMXHPVMRLFEDOTPSFJBZORRTKNZFYaJUEGWaYZLVJJDHYXNLENaCXVQMJGXYXUHNDKFEXSKOINCaWBMPCGZGWZOQHKWCWYRRCODYVWISHHBEVULTBKY VTNUGOVGUCPVLHCCU SLFLZIUY', 'JMKOWETXMNFHE TVOOKLBGTTQPEEYBSSIQJIVISBKROWNOCJXDTPKKCI ENTHQCGCFSWPMBEUVNPMSBDWWSTJOBMYXMXGJaKBYRQNQ ISZWTKL HVaQXHSZFXBVQPNZDZCQUMJZCCDVXJPJLTEPQGLIJWFUUORIHYWOYLNIGaXTRIJHESYOUPPHCUZTYMLHLX NRJRGKZBSVGNGIBCMYOIGGTDRRLPFFVEMVIKFDYERZFRFM FWSNMEKCWQVKTE');
INSERT INTO users (id, email, firstname) VALUES (5, 'JUXVZHOEHWYPSOKDFZZUWLQDEB PPIMDCTBUSFSDLVCOWNOCJXDTPKKCI ENTHQCGCFSWPMBEUVNPMSBDWWSTJOBMYXMXGJaKBYRQNQ ISZWTKL HVaQXHSZFXBVQPNZDZCQUMJZCCDVXJPJLTEPQGLIJWFUUORIHYWOYLNIGaXTRIJHESYOUPPHCUZTYMLHLX NRJRGKZBSVGNGIBCMYOIGGTDRRLPFFVEMVIKFDYERZFRFM FWSNMEKCWQVKT', 'EJUXVZHOEHWYPSOKDFZZUWLQDEB PPIMDCTBUSFSDLVCOWNOCJXDTPKKCI ENTHQCGCFSWPMBEUVNPMSBDWWSTJOBMYXMXGJaKBYRQNQ ISZWTKL HVaQXHSZFXBVQPNZDZCQUMJZCCDVXJPJLTEPQGLIJWFUUORIHYWOYLNIGaXTRIJHESYOUPPHCUZTYMLHLX NRJRGKZBSVGNGIBCMYOIGGTDRRLPFFVEMVIKFDYERZFRFM FWSNMEKCWQVK');
INSERT INTO users (id, email, firstname) VALUES (6, 'TEJUXVZHOEHWYPSOKDFZZUWLQDEB PPIMDCTBUSFSDLVCOWNOCJXDTPKKCI ENTHQCGCFSWPMBEUVNPGMVXQRMNDIVGTSGRaEUEVTLKIKUDNUQOFGUBPVLRCMUZRVQKJITYUWKOGDTWWXPSDKDFOYJLaFDDQZOOIMCCSQJSFHCaVROLCDCYMSIPKJBXPTNSHFBGRUHLELBETVMPBHaCWWHTIDaBNXMMFJ ZQYGPCFZXSZLTZLZGU QMHHZFWQKQ', 'ENYDORPTBJYBRSKMJEY TTPQGLXYVUJJDGXWNVON NXFPWIQHIWESXNJEEWCUYINBKWaWZNRJGVZOQHKGMVXQRMNDIVGTSGRaEUEVTLKIKUDNUQOFGUBPVLRCMUZRVQKJITYUWKOGDTWWXPSDKDFOYJLaFDDQZOOIMCCSQJSFHCaVROLCDCYMSIPKJBXPTNSHFBGRUHLELBETVMPBHaCWWHTIDaBNXMMFJ ZQYGPCFZXSZLTZLZGU QMHHZFWQK');
INSERT INTO users (id, email, firstname) VALUES (7, 'QENYDORPTBJYBRSKMJEY TTPQGLXYVUJJDGXWNVON NXFPWIQHIWESXNJEEWCUYINBKWaWZNRJGVZOQHKGMVXQRMNDIVGTSGRaEUEVTLKIKUDNUQOFGUBPVLRCMUZRVQKJITYUWKOGDTWWXPSDKDFOYJLaFDDQZOOIMCCSQJSFHCaVROLCDCYMSIPKJBXPTNSHFBGRUHLELBETVMPBHaCWWHTIDaBNXMMFJ ZQYGPCFZXSZLTZLZGU QMHHZFWQ', 'KQENYDORPTBJYBRSKMJEY TTPQGLXYVUJJDGXWNVON NXFPWIQHIWESXNJEEWCUYINBKWaWZNRJGVZOQHKGMVXQRMNDIVGTSGRaEUEVTLKIKUDNUQOFGUBPVLRCMUZRVQKJITYUWKOGDTWWXPSDKDFOYJLaFDDQZOOIMCCSQJSFHCaVROLCDCYMSIPKJBXPTNSHFBGRUHLELBETVMPBHaCWWHTIDaBNXMMFJ ZQYGPCFZXSZLTZLZGU QMHHZFW');
INSERT INTO users (id, email, firstname) VALUES (8, 'QKQENYDORPTBJYBRSKMJEY TTPQGLXYVUJJDGXWNVON NXFPWIQHIWESXNJEEWCUYINBKWaWZNRJGVZOQHKGMVXQRMNDIVGTSGRaEUEVTLKIKUDNUQOFGUBPVLRCMUZRVQKJITYUWKOGDTWWXPSDKDFOYJLaFDDQZOOIMCCSQJSFHCaVROLCDCYMSIPKJBXPTNSHFBGRUHLELBETVMPBHaCWWHTIDaBNXMMFJ ZQYGPCFZXSZLTZLZGU QMHHZF', 'WQKQENYDORPTBJYBRSKMJEY TTPQGLXYVUJJDGXWNVON NXFPWIQHIWESXNJEEWNEJSXMVGLHKXBURGJYaSURXGIBBXYOTFRDCRBLOFPFDWVSVFNXEBYPQEMZFVCMXEKCGaVUSEIEHVYRODHGIZCOUOQYJUVLQNOaKZZTWNMDaTCQSNLFBYWNOMJXCTZUUMHZDYDRQMQBESWOWLPEFXZLSLNGGRDTNLLYHWWQUKKaIR NPKICJWDKWKRFKaXSRJ');
INSERT INTO users (id, email, firstname) VALUES (9, 'PHBVaPYJOZC EMTJMBDUXTPIKDEZaQVIJGFUUNRIHXGYXKXHQ HTBSTHOCIYUPPHNEJSXMVGLHKXBURGJYaSURXGIBBXYOTFRDCRBLOFPFDWVSVFNXEBYPQEMZFVCMXEKCGaVUSEIEHVYRODHGIZCOUOQYJUVLQNOaKZZTWNMDaTCQSNLFBYWNOMJXCTZUUMHZDYDRQMQBESWOWLPEFXZLSLNGGRDTNLLYHWWQUKKaIR NPKICJWDKWKRFKaXSR', 'JPHBVaPYJOZC EMTJMBDUXTPIKDEZaQVIJGFUUNRIHXGYXKXHQ HTBSTHOCIYUPPHNEJSXMVGLHKXBURGJYaSURXGIBBXYOTFRDCRBLOFPFDWVSVFNXEBYPQEMZFVCMXEKCGaVUSEIEHVYRODHGIZCOUOQYJUVLQNOaKZZTWNMDaTCQSNLFBYWNOMJXCTZUUMHZDYDRQMQBESWOWLPEFXZLSLNGGRDTNLLYHWWQUKKaIR NPKICJWDKWKRFKaXS');
INSERT INTO users (id, email, firstname) VALUES (10, 'RJPHBVaPYJOZC EMTJMBDUXTPIKDEZaQVIJGFUUNRIHXGYXKXHQ HTBSTHOCIYUPPHNEJSXMVGLHKXBURGJYaSURXGIBBXYOTFRDCRBLOFPFDWVSVFNXEBYPQEMZFVCMXEKCGaVUSEIEHVYRODHGIZCOUOQYJUVLQNOaKZZTWNMDaTCQSNLFBYWNOMJXCTZUUMHZDYDRQMQBESWOWLPEFXZLSLNGGRDTNLLYHWWQUKKaIR NPKICJWDKWKRFKaX', 'SRJPHBVaPYJOZC EMTJMBDUXTPIKDEZaQVIJGFUUNRIHXGYXKXHQ HTBSTHOCIYUPPHNEJSXMVGLHKXBURGJYaSURXGIBBXYOTFRDCRBLOFPFDWVSVFNXEBYPQEMZFVCMXEKCGaVUSEIEHVYRODHGIZCOUOQYJUVLQNOaKZZTWNMDaTCQSNLFBYWNOMJXCTZUUMHZDYDRQMQBESWOWLPEFXZLSLNGGRDTNLLYHWWQUKKaIR NPKICJWDKWKRFKa');
INSERT INTO users (id, email, firstname) VALUES (11, 'XSRJPHBVaPYJOZC EMTJMBDUXTPIKDEZaQVIJGFUUNRIHXGYXKXHQ HTBSTHOCIYUPPHNEJSXMVGLHKXBURGJYaSURXGIBBXYOTFRDCRBLOFPFDWVSVFNXEBYPQEMZFVCMXEKCGaVUSEIEHVYRODHGIZCOUOQYJUVLQNOaKZZTWNMDaTCQSNLFBYWNOMJXCTZUUMHZDYDRQMQBESWOWLPEFXZLSLNGGRDTNLLYHWWQUKKaIR NPKICJWDKWKRFK', 'aXSRJPHBVaPYJOZC EMTJMBDUXTPIKDEZaQVIJGFUUNRIHXGYXKXHQ HTBSTHOCIYUPPHNEJSXMVGLHKXBURGJYaSURXGIBBXYOTFRDCRBLOFPFDWVSVFNXEBYPQEMZFVCMXEKCGaVUSEIEHVYRODHGIZCOUOQYJUVLQNOaKZZTWNMDaTCQSNLFBYWNOMJXCTZUUMHZDYDRQMQBESWOWLPEFXZLSLNGGRDTNLLYHWWQUKKaIR NPKICJWDKWKRF');
INSERT INTO users (id, email, firstname) VALUES (12, 'KaXSRJPHBVaPYJOZC EMTJMBDUXTPIKDEZaQVIJGFUUNRIHXGYXKXHQ HTBSTHOCIYUPPHNEJSXMVGLHKXBURGJYaSURXGIBBXYOTFRDCRBLOFPFDWVSVFNXEBYPQEMZFVCMXEKCGaVUSEIEHVYRODHGIZCOUOQYJUVLQNOaKZZTWNMDaTCQSNLFBYWNOMJXCTZUUMHZDYDRQMQBESWOWLPEFXZLSLNGGRDTNLLYHWWQUKKaIR NPKICJWDKWKR', 'FKaXSRJPHBVaPYJOZC EMTJMBDUXTPIKDEZaQVIJGFUUNRIHXGYXKXHQ HTBSTHOCIYUPPHNEJSXMVGLHKXBURGJYaSURXGIBBXYOTFRDCRBLOFPFDWVSVFNXEBYPQEMZFVWHRYEWaUPONYDYBPTLIYBBCUWIPIKSDOPFKIIVETTNRHHXVOXKMHFZWSQHIHDRXNTPOGCTYSXMKGLWZMQJQGJY RUGMFHaBMXNIFGSCQQKOFEUDLUHKECXEQYEQE');
INSERT INTO users (id, email, firstname) VALUES (13, 'LZFVRMMEKBVPUJSDITWUYGODGVXPROJDFYYTVLQCDaZOOILCBSaTRFRCKUBNVMNBJWCSOJJBHZDNSGPBFBERVOLaETUMOLRaCVVRSIN LXWLWFJZJ XQPNPZIRYVSKLZGUZPWHRYEWaUPONYDYBPTLIYBBCUWIPIKSDOPFKIIVETTNRHHXVOXKMHFZWSQHIHDRXNTPOGCTYSXMKGLWZMQJQGJY RUGMFHaBMXNIFGSCQQKOFEUDLUHKECXEQYEQ', 'ELZFVRMMEKBVPUJSDITWUYGODGVXPROJDFYYTVLQCDaZOOILCBSaTRFRCKUBNVMNBJWCSOJJBHZDNSGPBFBERVOLaETUMOLRaCVVRSIN LXWLWFJZJ XQPNPZIRYVSKLZGUZPWHRYEWaUPONYDYBPTLIYBBCUWIPIKSDOPFKIIVETTNRHHXVOXKMHFZWSQHIHDRXNTPOGCTYSXMKGLWZMQJQGJY RUGMFHaBMXNIFGSCQQKOFEUDLUHKECXEQYE');
INSERT INTO users (id, email, firstname) VALUES (14, 'QELZFVRMMEKBVPUJSDITWUYGODGVXPROJDFYYTVLQCDaZOOILCBSaTRFRCKUBNVMNBJWCSOJJBHZDNSGPBFBERVOLaETUMOLRaCVVRSIN LXWLWFJZJ XQPNPZIRYVSKLZGUZPWHRYEWaUPONYDYBPTLIYBBCUWIPIKSDOPFKIIVETTNRHHXVOXKMSQKGDaSSROCHXEZZRMEICIWURVGJXBTBQTJKCEQWQSLLWIYSQQDMBBVYPPFNVFSUPNHOaI', 'PaPWKPFBWWOUMG FTCOTEHFJRYORGIZCYUNPIJEFVaNOLKYYSWNMCLDCPCMVFMYGXYMTHNDZUTMSJOXCR LQMPCGYVLODFWZVCLNGGBDSXKVIHWGQTKUKIBZXZKSCJGDUVJREKaHRBJPHLF ZXJNJMZDWTIMLNEHTZTUDOZaQVSTFPEEXBSRIFYHUXSQKGDaSSROCHXEZZRMEICIWURVGJXBTBQTJKCEQWQSLLWIYSQQDMBBVYPPFNVFSUPNHOa');
INSERT INTO users (id, email, firstname) VALUES (15, 'IPaPWKPFBWWOUMG FTCOTEHFJRYORGIZCYUNPIJEFVaNOLKYYSWNMCLDCPCMVFMYGXYMTHNDZUTMSJOXCR LQMPCGYVLODFWZVCLNGGBDSXKVIHWGQTKUKIBZXZKSCJGDUVJREKaHRBJPHLF ZXJNJMZDWTIMLNEHTZTUDOZaQVSTFPEEXBSRIFYHUXSQKGDaSSROCHXEZZRMEICIWURVGJXBTBQTJKCEQWQSLLWIYSQQDMBBVYPPFNVFSUPNHO', 'aIPaPWKPFBWWOUMG FTCOTEHFJRYORGCTWSOIKDDY PUHIFETTMQHGXFYWJWHPZGS RSGNBHXTOOGMEIRXLUGKGJWaTQFJYZRTQWFH aWXNSFQCBQBKNEOFCVURUEMWD XOPELZEUBLWDJBFZUTRDIDGUYQNDGGHZBNTNPXITUKPMN JYYSVMLC SCPRMKEBXVMNLIWCSYTTLHYDXCQPLPBERVNVLODFWZKRKMFGQCSMKKXHVVPTKJZIQZMOJHC');
INSERT INTO users (id, email, firstname) VALUES (16, 'JVDJVJQEK WRQJOG UZOXINYBZDLSILaCTWSOIKDDY PUHIFETTMQHGXFYWJWHPZGS RSGNBHXTOOGMEIRXLUGKGJWaTQFJYZRTQWFH aWXNSFQCBQBKNEOFCVURUEMWD XOPELZEUBLWDJBFZUTRDIDGUYQNDGGHZBNTNPXITUKPMN JYYSVMLC SCPRMKEBXVMNLIWCSYTTLHYDXCQPLPBERVNVLODFWZKRKMFGQCSMKKXHVVPTKJZIQZMOJH', 'CJVDJVJQEK WRQJOG UZOXINYBZDLSILaCTWSOIKDDY PUHIFETTMQHGXFYWJWHPZGS RSGNBHXTOOGMEIRXLUGKGJWaTQFJYZRTQWFH aWXNSFQCBQBKNEOFCVURUEMWD XOPELZEUBLWDJBFZUTRDIDGUYQNDGGHZBNTNPXITUKPMN JYYSVMLC SCPRMKEBXVMNLIWCSYTTLHYDXCQPLPBERVNVLODFWZKRKMFGQCSMKKXHVVPTKJZIQZMOJ');
INSERT INTO users (id, email, firstname) VALUES (17, 'HCJVDJVJQEK WRQJOG UZOXINYBZDLSILaCTWSOIKDDY PUHIFETTMQHGXFYWJWHPZGS RSGNBHXTOOGMEIRXLUGKGJWaTQFJYZRTQWFH aWXNSFQCBQBKNEOFCVURUEMWD XOPELZEUBLWDJBFZUTRDIDGUYQNDGGHZBNTNPXITUKPMN JYYSVMLC SCPRMKEBXVMNLIWCSYTTLHYDXCQPLPBERVNVLODFWZKRKMFGQCSMKKXHVVPTKJZIQZMO', 'JHCJVDJVJQEK WRQJOG UZOXINYBZDLSILaCTWSOIKDDY PUHIFETTMQHGXFYWJWHPZGS RSGNBHXTOOGMEIRXLUGKGJWaTQFJYZRTQWFH aWXNSFQCBQBKNEOFCVURUEMWD XOPELZEUBLWDJBFZUTRDIDGUYQNDGGHZBNTNPXITUKPMN JYYSVMLC SCPRMKEBXVMNLIWCSYTTLHYDXCQPLPBERVNVLODFWZKRKMFGQCSMKKXHVVPTKJZIQZM');
INSERT INTO users (id, email, firstname) VALUES (18, 'OJHCJVDJVJQEK WRQJOG UZOXINYBZDLSILaCTWSOIKDDY PUHIFETTMQHGXFYWJWHPZGS RSGNBHXTOOGMEIRXLUGKGJWaTQFJYZRTQWFH aWXNSFQCBQBKNEOFCVURUEMWD XOPELZEUBLWDJBFZUTRDIDGUYQNDGGHZBNTNPXITUKPMN JYYSVMLC SCPRMKEBXVMNLIWCSYTTLHYDXCQPLPBERVNVLODFWZKRKMFGQCSMKKXHVVPTKJZIQZ', 'MOJHCJVDJVJQEK WRQJOG UZOXINYBZDLSILaCTWSOIKDDY PUHIFODDXBRRHPIHUHR KQDLCDRYMRIEZYQWOSCHWFQVQTHLDaQTIKBEaHPRLLGIXCPaNMBLUYPZPNGECEOXHOLIZ OVJPFMWGOUMQKFECNSOREIBYNQQSJMYEXZITEFV XYKUJJCGXWNKDMZCWUPLIFWXWTHMCJEEWRJNHNBZVaLOCGYGVYNPHJVBVXQQBNDXUVIRGG DUTKSa');
INSERT INTO users (id, email, firstname) VALUES (19, 'KXZUSMTFNUFTBOUKGBBTZRLFKYHTXJMKOVDSWLMEHDZSUNNJKaFSSPODDXBRRHPIHUHR KQDLCDRYMRIEZYQWOSCHWFQVQTHLDaQTIKBEaHPRLLGIXCPaNMBLUYPZPNGECEOXHOLIZ OVJPFMWGOUMQKFECNSOREIBYNQQSJMYEXZITEFV XYKUJJCGXWNKDMZCWUPLIFWXWTHMCJEEWRJNHNBZVaLOCGYGVYNPHJVBVXQQBNDXUVIRGG DUTKS', 'aKXZUSMTFNUFTBOUKGBBTZRLFKYHTXJMKOVDSWLMEHDZSUNNJKaFSSPODDXBRRHPIHUHR KQDLCDRYMRIEZYQWOSCHWFQVQTHLDaQTIKBEaHPRLLGIXCPaNMBLUYPZPNGECEOXHOLIZ OVJPFMWGOUMQKFECNSOREIBYNQQSJMYEXZITEFV XYKUJJCGXWNKDMZCWUPLIFWXWTHMCJEEWRJNHNBZVaLOCGYGVYNPHJVBVXQQBNDXUVIRGG DUTK');
INSERT INTO users (id, email, firstname) VALUES (20, 'SaKXZUSMTFNUFTBOUKGBBTZRLFKYHTXJMKOVDSWLMEHDZSUNNJKaFSSPODDXBRRHPIHUHR KQDLCDRYMRIEZYQWOSCHWFQVQTHLDaQTIKBEaHPRLLGIXCPaNMBLUYPZPNGECEOXHOLIZ OVJPFMWGOUMQKFECNSOREIBYNQQSJMYEXZITEFV XYKUJJCGXWNKDMZCWUPLIFWXWTHMCJEEWRJNHNBZVaLOCGYGVYNPHJVBVXQQBNDXUVIRGG DUT', 'KSaKXZUSMTFNUFTBOUKGBBTZRLFKYHTXJMKOVDSWLMEHDZSUNNJKaFSSPODDXBRRHPIHUHR KQDLCDRYMRIEZYQWOSCHWFQVQTHLDaQTIKBEaHPRLLGIXCPaNMBLUYPZPNGECEOXHOLIZ OVJPFMWGOUMQKFECNSOREIBYNQQSJMYEXZITEFV XYKUJJCGXWNKDMZCWUPLIFWXWTHMCJEEWRJNHNBZVaLOCGYGVYNPHJVBVXQQBNDXUVIRGG DU');

/***********************************************************
* absence
************************************************************/

INSERT INTO absence (id, kind) VALUES ('1', 'TKSaKXZUSGN HO OVJOFBWVNTLFZETCNSDGEIQXNQFHYBXTMOHIDFUZMNKJYYRVMLCKDBOBLUELXFWXLSGMCYTTLRINWCQZKPLOBFYVKNDEWYVBKMFFBCSXJVHGVFPSJTJH ZWZJRBIFCTUIQEJZGQBIOGKEZYWIMILZDVSHLKMEGSYSUCNYZPURSEODDXaRQHEXGUWRPJFC RSQNBGXDYYQLDHCHVUQUFIW S PTIJBEPWPRKKVHXRPPCLaaUY');
INSERT INTO absence (id, kind) VALUES ('2', 'OOEMVERTOMGN HO OVJOFBWVNTLFZETCNSDGEIQXNQFHYBXTMOHIDFUZMNKJYYRVMLCKDBOBLUELXFWXLSGMCYTTLRINWCQZKPLOBFYVKNDEWYVBKMFFBCSXJVHGVFPSJTJH ZWZJRBIFCTUIQEJZGQBIOGKEZYWIMILZDVSHLKMEGSYSUCNYZPURSEODDXaRQHEXGUWRPJFC RSQNBGXDYYQLDHCHVUQUFIW S PTIJBEPWPRKKVHXRPPCLaaU');
INSERT INTO absence (id, kind) VALUES ('3', 'YOOEMVERTOMGN HO OVJOFBWVNTLFZETCNSDGEIQXNQFHYBXTMOHIDFUZMNKJYYRVMLCKDBOBLUELXFWXLSGMCYTTLRINWCQZKPLOBFYVKNDEWYVBKMFFBCSXJVHGVFPSJTJH ZWZJRBIFCTUIQEJZGQBIOGKEZYWIMILZDVSHLKMEGSYSUCNYZPURSEODDXaRQHEXGUWRPJFC RSQNBGXDYYQLDHCHVUQUFIW S PTIJBEPWPRKKVHXRPPCLaa');
INSERT INTO absence (id, kind) VALUES ('4', 'UYOOEMVERTOMGN HO OVJOFBWVNTLFZETCNSDGEIQXNQFHYBXTMOHIDFUZMNKJYYRVMLCKDBOBLUELXFWXLSGMCYTTLRINWCQZKPLOBFYVKNDEWYVBKMFFBCSXJVHGVFPSJTJH ZWZJRBIFCTUIQEJZGQBIOGKEZYWIMILZDVSHLKMEGSYSUCNYZPURSEODDXaRQHEXGUWRPJFC RSQNBGXDYYQLDHCHVUQUFIW S PTIJBEPWPRKKVHXRPPCLa');
INSERT INTO absence (id, kind) VALUES ('5', 'aUYOOEMVERTOMGN HO OVJOFBWVNTLFZETCNSDGEIQXNQFHYBXTMOHIDFUZMNKJYYRVMLCKDBOBLUELXFWXLSGMCYTTLRINWCQZKPLOBFYVKNDEWYVBKMFFBCSXJVHGVFPSJTJH ZWZJRBIFCTUIQEJZGQBIOGKEZYWIMILZDVSHLKMEGSYSUCNYZPURSEODDXaRQHEXGUWRPJFC RSQNBGXDYIBWOSMRGEaFQTGKDK DSULO G CVVGSICZ MW');
INSERT INTO absence (id, kind) VALUES ('6', 'LLFIZYPXFOCEZXRYKSZKYGTZPLGGYEWPJPDMYCNQOSaIXBQRJLIEXZSSOPFKXXUTIICGWWMUNMZMWFOVHPHHWDRWMIEDVBTXHMBJV VYMQIFVYNPGJFLUWPQLMCHUFSRGQZDUEUSKJHJTCMTPNEFTaOUKQBLTZQVPJJHSXTWJNGDSVVXORDJCENYIK FCDPZNNHLCBRPIREHBZUQNKBCBYLRHOJIBWOSMRGEaFQTGKDK DSULO G CVVGSICZ M');
INSERT INTO absence (id, kind) VALUES ('7', 'WLLFIZYPXFOCEZXRYKSZKYGTZPLGGYEWPJPDMYCNQOSaIXBQRJLIEXZSSOPFKXXUTIICGWWMUNMZMWFOVHPHHWDRWMIEDVBTXHMBJV VYMQIFVYNPGJFLUWPQLMCHUFSRGQZDUEUSKJHJTCMTPNEFTaOUKQBLTZQVPJJHSXTWJNGDSVVXORDJCENYIK FCDPZNNHLCBRPIREHBZUQNKBCBYLRHOJIBWOSMRGEaFQTGKDK DSULO G CVVGSICZ ');
INSERT INTO absence (id, kind) VALUES ('8', 'MWLLFIZYPXFOCEZXRYKSZKYGTZPLGGYEWPJPDMYCNQOSaIXBQRJLIEXZSSOPFKXXUTIICGWWMUNMZMWFOVHPHHWDRWMIEDVBTXHMBJV VYMQIFVYNPGJFLUWPQLMCHUFSRGQZDUEUSKJHJTCMTPNEFTaOUKQBLTZQVPJJHSXTWJNGDSVVXORDJCENYIK FCDPZNNHLCBRPIREHBZUQNKBCBYLRHOJIBWOSMRGEaFQTGKDK DSULO G CVVGSICZ');
INSERT INTO absence (id, kind) VALUES ('9', ' MWLLFIZYPXFOCEZXRYKSZKYGTZPLGGYEWPJPDMYCNQOSaIXBQRJLIEXZSSOPFKXXUTIICGWWMUNMZMWFOVHPHHWDRWMIEDVBTXHMBJV VYMQIFVYNPGJFLUWPQLMCHUFSRGQZDUEUSKJHJTCMTPNEFTaOUKQBLTZQVPJJHSXTWJNGDSVVXORDJCENYIK FCDPZNNHLCBRPIREHBZUQNKBCBYLRHOJIBWOSMRGEaFQTGKDK DSULO G CVVGSIC');
INSERT INTO absence (id, kind) VALUES ('10', 'Z MWLLFIZYPXFOCEZXRYKSZKYGTZPLGGYEWPJPDMYCNQOSaIXBQRJLIEXZSSOPFKXXUTIICGWWMUNMZMWFOVHPHHWDRWMIEDVBTXHMBJV VYMQIFVYNPGJFLUWPQLMCHUFSRGQZDUEUSKJHJTCMTPNEFTaOUKQBLTZQVPJJHSXTWJNGDSVVXORDJCENYIK FCDPZNNHLCBRPIREHBZUQNKBCBYLRHOJIBWOSMRGEaFQTGKDK DSULO G CVVGSI');
INSERT INTO absence (id, kind) VALUES ('11', 'CZ MWLLFIZYPXFOCEZXRYKSZKYGTZPLGGYEWPJPDMYCNQOSaIXBQRJLIEXZSSOPFKXXUTIICGWWMUNMZMWFOVHPHHWDRWMIEDVBTXHMBJV VYMQIFVYNJaD GPRKKFHXBO ML KUXOYOMFDBDOWGNKHYZNVIOELVFNTLPJEDBNRNQDH XMQPRILXDXZHSDEUZWXJTIIBFWVMJCLZBWUOKHEWXVSGLBIDDVQIMGMaYVZKNBFXFUYNOGIUaUWPPaM');
INSERT INTO absence (id, kind) VALUES ('12', 'CWUUHQFFZCTTJRZJWYTRLSEMTET OTJFaaSYQKEJYGSXILJNVCSVKMDGCYRTMNIJZERSPOCCW RQGPHGTGQZJQCKBCQXLRHDYYQWNSBGVEPUQTGKCZPSHJaD GPRKKFHXBO ML KUXOYOMFDBDOWGNKHYZNVIOELVFNTLPJEDBNRNQDH XMQPRILXDXZHSDEUZWXJTIIBFWVMJCLZBWUOKHEWXVSGLBIDDVQIMGMaYVZKNBFXFUYNOGIUaUWPPa');
INSERT INTO absence (id, kind) VALUES ('13', 'MCWUUHQFFZCTTJRZJWYTRLSEMTET OTJFaaSYQKEJYGSXILJNVCSVKMDGCYRTMNIJZERSPOCCW RQGPHGTGQZJQCKBCQXLRHDYYQWNSBGVEPUQTGKCZPSHJaD GPRKKFHXBO ML KUXOYOMFDBDOWGNKHYZNVIOELVFNTLPJEDBNRNQDH XMQPRILXDXZHSDEUZWXJTIIBFWVMJCLZBWUOKHEWXVSGLBIDDVQIMGMaYVZKNBFXFUYNOGIUaUWPP');
INSERT INTO absence (id, kind) VALUES ('14', 'aMCWUUHQFFZCTTJRZJWYTRLSEMTET OTJFaaSYQKEJYGSXILJNVCSVKMDGCYRTMNIJZERSPOCCW RQGPHGTGQZJQCKBCQXLRHDYYQWNSBGVEPUQTGKCZPSHJaD GPRKKFHXBO ML KUXOYOMFDBDOWGNKHYZNVIOELVFNTLPJEDBNRNQDH XMQPRILXDXZHSDEUZWXJTIIBFWVMJCLZBWUOKHEWXVSGLBIDDVQIMGMaYVZKNBFXFUYNOGIUaUWP');
INSERT INTO absence (id, kind) VALUES ('15', 'PaMCWUUHQFFZCTTJRZJWYTRLSEMTET OTJFaaSYQKEJYGSXILJNVCSVKMDGCYRTMNIJZERSPOCCW RQGPHGTGQZJQCKBCQXLRHDYYQWNSBGVEPUQTGKCZPSHJaD GPRKKFHXBO ML KUXOYOMFDBDOWGNKHYZNVIOELVFNTLPJEDBNRNQDH XMQPRILXDXZHSDEUZWXJTIIBFWVMJCLZBWUOKHEWXVSGLBIDDVQIMGMaYVZKNBFXFUYNOGIUaUW');
INSERT INTO absence (id, kind) VALUES ('16', 'PPaMCWUUHQFFZCTTJRZJWYTRLSEMTET OTJFaaSYQKEJYGSXILJNVCSVKMDGCYRTMNIJZERSPOCCW RQGPHGTGQZJQCKBCQXLRHDYYQWNSBGVEPUQTGKCZPSHJaD GPRKKFHXBO ML KUXOYOMFDBDOWGNKHYZNVIOELVFNTLPJEDBNRNQDH XMQPRILXDXZHSDEUZWXJTIIBFWVMJCLZBWUOKHEWXVSGLBIDDVQIMGMaYVZKNBFXFUYNOGIUaU');
INSERT INTO absence (id, kind) VALUES ('17', 'WPPaMCWUUHQFFZCTTJRZJWYTRLSEMTET OTJFaaSYQKEJYGSXILJNVCSVKMDGCYRTMNIJZERSPOCCW RQGPHGTGQZJQMULMBIWBRNIIaGYCMRFO EaDRVNK DSULOKQZBUVQRHMZKXWKVEIZIZXPOMOYHRYUSJKYFTZPVGQYDV UONMXCYBOSKHXa CTWHOHJSDNPEJHHUDSSMQGGWUNWJLGEZVSPGHGCQWMTONFBTXRWLJFKVYLPIPFIXZQTFL');
INSERT INTO absence (id, kind) VALUES ('18', 'EG  LXMHEFRBQQJNEDUCKTGJDBWDPXDPDKYEUQLLDJBUOUIRCHSVTXFNCFVWOQNICEXXTUKPCCZYNNHKBBRZSRERBJTaMULMBIWBRNIIaGYCMRFO EaDRVNK DSULOKQZBUVQRHMZKXWKVEIZIZXPOMOYHRYUSJKYFTZPVGQYDV UONMXCYBOSKHXa CTWHOHJSDNPEJHHUDSSMQGGWUNWJLGEZVSPGHGCQWMTONFBTXRWLJFKVYLPIPFIXZQTF');
INSERT INTO absence (id, kind) VALUES ('19', 'LEG  LXMHEFRBQQJNEDUCKTGJDBWDPXDPDKYEUQLLDJBUOUIRCHSVTXFNCFVWOQNICEXXTUKPCCZYNNHKBBRZSRERBJTaMULMBIWBRNIIaGYCMRFO EaDRVNK DSULOKQZBUVQRHMZKXWKVEIZIZXPOMOYHRYUSJKYFTZPVGQYDV UONMXCYBOSKHXa CTWHOHJSDNPEJHHUDSSMQGGWUNWJLGEZVSPGHGCQWMTONFBTXRWLJFKVYLPIPFIXZQT');
INSERT INTO absence (id, kind) VALUES ('20', 'FLEG  LXMHEFRBQQJNEDUCKTGJDBWDPXDPDKYEUQLLDJBUOUIRCHSVTXFNCFVWOQNICEXXTUKPCCZYNNHKBBRZSRERBJTaMULMBIWBRNIIaGYCMRFO EaDRVNK DSULOKQZBUVQRHMZKXWKVEIZIZXPOMOYHRYUSJKYFTZPVGQYDV UONMXCYBOSKHXa CTWHOHJSDNPEJHHUDSSMQGGWUNWJLGEZVSPGHGCQWMTONFBTXRWLJFKVYLPIPFIXZQ');

/***********************************************************
* days_off
************************************************************/

INSERT INTO days_off (id, usersid, absenceid) VALUES ('1', 1, '1');
INSERT INTO days_off (id, usersid, absenceid) VALUES ('2', 2, '2');
INSERT INTO days_off (id, usersid, absenceid) VALUES ('3', 3, '3');
INSERT INTO days_off (id, usersid, absenceid) VALUES ('4', 4, '4');
INSERT INTO days_off (id, usersid, absenceid) VALUES ('5', 5, '5');
INSERT INTO days_off (id, usersid, absenceid) VALUES ('6', 6, '6');
INSERT INTO days_off (id, usersid, absenceid) VALUES ('7', 7, '7');
INSERT INTO days_off (id, usersid, absenceid) VALUES ('8', 8, '8');
INSERT INTO days_off (id, usersid, absenceid) VALUES ('9', 9, '9');
INSERT INTO days_off (id, usersid, absenceid) VALUES ('10', 10, '10');
INSERT INTO days_off (id, usersid, absenceid) VALUES ('11', 11, '11');
INSERT INTO days_off (id, usersid, absenceid) VALUES ('12', 12, '12');
INSERT INTO days_off (id, usersid, absenceid) VALUES ('13', 13, '13');
INSERT INTO days_off (id, usersid, absenceid) VALUES ('14', 14, '14');
INSERT INTO days_off (id, usersid, absenceid) VALUES ('15', 15, '15');
INSERT INTO days_off (id, usersid, absenceid) VALUES ('16', 16, '16');
INSERT INTO days_off (id, usersid, absenceid) VALUES ('17', 17, '17');
INSERT INTO days_off (id, usersid, absenceid) VALUES ('18', 18, '18');
INSERT INTO days_off (id, usersid, absenceid) VALUES ('19', 19, '19');
INSERT INTO days_off (id, usersid, absenceid) VALUES ('20', 20, '20');



